iter	MultiClass
0	1.41675342
1	1.246497751
2	1.105016203
3	1.022377864
4	0.9712446485	5	0.9240187486	6	0.8912700647	7	0.8676853554
